term,id_batch,id_subject,id_faculty,id_room,type,day,time
Even(2023-24),,1,1,1,lecture,Fri,10:40-11:40
Even(2023-24),,2,2,1,lecture,Fri,11:40-12:40
Even(2023-24),1,3,3,,lecture,Fri,1:10-2:10
Even(2023-24),,4,4,1,lecture,Fri,1:10-2:10
Even(2023-24),,5,5,2,lab,Fri,2:10-3:10
Even(2023-24),2,6,6,1,tutorial,Fri,8:30-9:30
Even(2023-24),3,1,7,,lecture,Fri,8:30-9:30
Even(2023-24),,6,6,1,lecture,Fri,9:30-10:30
Even(2023-24),4,7,8,,lecture,Mon,10:40-11:40
Even(2023-24),,8,9,1,lecture,Mon,10:40-11:40
Even(2023-24),,1,1,1,lecture,Mon,11:40-12:40
Even(2023-24),5,9,10,,lecture,Mon,1:10-2:10
Even(2023-24),6,10,11,,lecture,Mon,1:10-2:10
Even(2023-24),,1,1,1,lecture,Mon,1:10-2:10
Even(2023-24),,10,11,3,lab,Mon,2:10-3:10
Even(2023-24),7,8,9,,lecture,Mon,8:30-9:30
Even(2023-24),2,11,11,,lecture,Mon,8:30-9:30
Even(2023-24),8,2,2,,lecture,Mon,8:30-9:30
Even(2023-24),,8,9,1,lecture,Thu,10:40-11:40
Even(2023-24),4,7,8,,lecture,Thu,11:40-12:40
Even(2023-24),,12,10,1,lecture,Thu,11:40-12:40
Even(2023-24),6,10,11,,lecture,Thu,1:10-2:10
Even(2023-24),,4,4,1,lecture,Thu,1:10-2:10
Even(2023-24),8,6,6,1,tutorial,Thu,2:10-3:10
Even(2023-24),,13,5,,lecture,Thu,3:10-4:10
Even(2023-24),7,1,12,,lecture,Thu,8:30-9:30
Even(2023-24),2,8,9,,lecture,Thu,8:30-9:30
Even(2023-24),8,1,1,,lecture,Thu,8:30-9:30
Even(2023-24),4,7,8,,lecture,Thu,9:30-10:30
Even(2023-24),,2,2,1,lecture,Tue,10:40-11:40
Even(2023-24),,6,6,1,lecture,Tue,11:40-12:40
Even(2023-24),9,9,10,,lecture,Tue,1:10-2:10
Even(2023-24),1,3,3,,lecture,Tue,1:10-2:10
Even(2023-24),,4,4,1,lecture,Tue,1:10-2:10
Even(2023-24),7,6,6,1,tutorial,Tue,2:10-3:10
Even(2023-24),,7,13,,lecture,Tue,3:10-4:10
Even(2023-24),7,11,11,,lecture,Tue,8:30-9:30
Even(2023-24),2,2,2,,lecture,Tue,8:30-9:30
Even(2023-24),8,8,9,,lecture,Tue,8:30-9:30
Even(2023-24),10,1,7,,lecture,Tue,8:30-9:30
Even(2023-24),,6,6,1,lecture,Wed,10:40-11:40
Even(2023-24),,2,2,1,lecture,Wed,11:40-12:40
Even(2023-24),,8,9,1,lecture,Wed,1:10-2:10
Even(2023-24),,5,14,4,lab,Wed,2:10-3:10
Even(2023-24),7,2,2,,lecture,Wed,8:30-9:30
Even(2023-24),2,1,1,,lecture,Wed,8:30-9:30
Even(2023-24),8,11,9,,lecture,Wed,8:30-9:30
Even(2025-26),7,2,2,5,lab,Fri,10:00-11:00
Even(2025-26),2,14,5,6,lab,Fri,10:00-11:00
Even(2025-26),8,15,3,7,lab,Fri,10:00-11:00
Even(2025-26),11,16,15,8,lab,Fri,10:00-11:00
Even(2025-26),,16,15,9,lecture,Fri,12:30-1:30
Even(2025-26),,17,16,10,tutorial,Fri,8:00-9:00
Even(2025-26),,18,9,10,lecture,Fri,9:00-10:00
Even(2025-26),,6,16,11,lecture,Mon,10:00-11:00
Even(2025-26),,4,4,11,lecture,Mon,11:00-12:00
Even(2025-26),7,18,9,12,lab,Mon,12:30-1:30
Even(2025-26),2,2,2,5,lab,Mon,12:30-1:30
Even(2025-26),8,16,15,8,lab,Mon,12:30-1:30
Even(2025-26),11,15,3,13,lab,Mon,12:30-1:30
Even(2025-26),,18,9,11,lecture,Mon,8:00-9:00
Even(2025-26),,2,2,11,lecture,Mon,9:00-10:00
Even(2025-26),,6,16,11,lecture,Thu,10:00-11:00
Even(2025-26),,2,2,11,lecture,Thu,11:00-12:00
Even(2025-26),,16,15,14,lecture,Thu,12:30-1:30
Even(2025-26),,19,16,3,lab,Thu,1:30-2:30
Even(2025-26),7,14,10,15,lab,Thu,8:00-9:00
Even(2025-26),2,16,15,8,lab,Thu,8:00-9:00
Even(2025-26),8,14,5,6,lab,Thu,8:00-9:00
Even(2025-26),11,18,9,12,lab,Thu,8:00-9:00
Even(2025-26),7,15,3,16,lab,Tue,10:00-11:00
Even(2025-26),2,18,9,12,lab,Tue,10:00-11:00
Even(2025-26),8,2,7,5,lab,Tue,10:00-11:00
Even(2025-26),11,14,10,6,lab,Tue,10:00-11:00
Even(2025-26),,20,16,3,lab,Tue,12:30-1:30
Even(2025-26),,4,4,11,lecture,Tue,8:00-9:00
Even(2025-26),,6,16,11,lecture,Tue,9:00-10:00
Even(2025-26),,18,9,11,lecture,Wed,10:00-11:00
Even(2025-26),,4,4,11,lecture,Wed,11:00-12:00
Even(2025-26),,16,15,,lecture,Wed,12:30-1:30
Even(2025-26),7,16,15,8,lab,Wed,1:30-2:30
Even(2025-26),2,15,3,17,lab,Wed,1:30-2:30
Even(2025-26),8,18,9,12,lab,Wed,1:30-2:30
Even(2025-26),11,2,2,5,lab,Wed,1:30-2:30
Even(2025-26),,2,2,11,lecture,Wed,8:00-9:00
Even(2025-26),,21,17,11,lecture,Wed,9:00-10:00
Odd(2023-24),,22,18,,lecture,Fri,10:00-11:00
Odd(2023-24),,23,14,18,lecture,Fri,11:00-12:00
Odd(2023-24),,23,19,,lecture,Fri,11:00-12:00
Odd(2023-24),,24,20,,lecture,Fri,12:30-1:30
Odd(2023-24),,25,21,19,lecture,Fri,12:30-1:30
Odd(2023-24),,12,10,19,lecture,Fri,1:30-2:30
Odd(2023-24),,24,17,18,lecture,Fri,2:40-3:40
Odd(2023-24),,24,19,,lecture,Fri,2:40-3:40
Odd(2023-24),,26,1,18,lecture,Fri,3:40-4:40
Odd(2023-24),,26,19,,lecture,Fri,3:40-4:40
Odd(2023-24),,24,22,,lecture,Fri,9:00-10:00
Odd(2023-24),,27,23,19,lecture,Mon,10:00-11:00
Odd(2023-24),,28,24,,lecture,Mon,10:00-11:00
Odd(2023-24),,29,24,,lecture,Mon,11:00-12:00
Odd(2023-24),,25,21,19,lecture,Mon,11:00-12:00
Odd(2023-24),,24,25,,lecture,Mon,12:30-1:30
Odd(2023-24),,26,1,18,lecture,Mon,12:30-1:30
Odd(2023-24),,26,19,,lecture,Mon,12:30-1:30
Odd(2023-24),,30,19,,tutorial,Mon,1:30-2:30
Odd(2023-24),,27,23,18,tutorial,Mon,1:30-2:30
Odd(2023-24),,25,22,,lecture,Mon,2:40-3:40
Odd(2023-24),,31,26,20,lecture,Mon,9:00-10:00
Odd(2023-24),,32,18,,lecture,Thu,10:00-11:00
Odd(2023-24),,24,27,,lecture,Thu,10:00-11:00
Odd(2023-24),,22,18,,lecture,Thu,11:00-12:00
Odd(2023-24),,29,24,,lecture,Thu,12:30-1:30
Odd(2023-24),,33,22,,lecture,Thu,12:30-1:30
Odd(2023-24),,28,24,,lecture,Thu,1:30-2:30
Odd(2023-24),,24,17,19,lecture,Thu,2:40-3:40
Odd(2023-24),,34,24,,lecture,Thu,2:40-3:40
Odd(2023-24),,23,14,19,lecture,Thu,3:40-4:40
Odd(2023-24),,35,18,,lecture,Thu,9:00-10:00
Odd(2023-24),,25,28,,lecture,Tue,10:00-11:00
Odd(2023-24),,24,28,,lecture,Tue,11:00-12:00
Odd(2023-24),,26,1,21,lecture,Tue,11:00-12:00
Odd(2023-24),,30,19,,lecture,Tue,12:30-1:30
Odd(2023-24),,27,23,18,lecture,Tue,12:30-1:30
Odd(2023-24),,36,29,,lecture,Tue,12:30-1:30
Odd(2023-24),,24,17,18,lecture,Tue,1:30-2:30
Odd(2023-24),,24,19,,lecture,Tue,1:30-2:30
Odd(2023-24),,37,30,,lecture,Tue,2:40-3:40
Odd(2023-24),,26,22,,lecture,Tue,2:40-3:40
Odd(2023-24),,38,13,,lecture,Tue,9:00-10:00
Odd(2023-24),,27,23,19,lecture,Wed,10:00-11:00
Odd(2023-24),,25,28,,lecture,Wed,10:00-11:00
Odd(2023-24),,25,21,19,lecture,Wed,11:00-12:00
Odd(2023-24),,23,28,,lecture,Wed,11:00-12:00
Odd(2023-24),,26,28,,lecture,Wed,12:30-1:30
Odd(2023-24),,39,22,,lecture,Wed,12:30-1:30
Odd(2023-24),,30,28,,lecture,Wed,1:30-2:30
Odd(2023-24),,31,26,20,lecture,Wed,9:00-10:00
Odd(2025-26),12,40,31,22,lab,Fri,10:40-11:40
Odd(2025-26),13,41,32,7,lab,Fri,10:40-11:40
Odd(2025-26),14,42,10,22,lab,Fri,1:10-2:10
Odd(2025-26),1,43,33,23,lecture,Fri,3:10-4:10
Odd(2025-26),11,42,10,22,lab,Fri,8:30-9:30
Odd(2025-26),2,42,26,22,lab,Mon,10:40-11:40
Odd(2025-26),15,37,34,22,lab,Mon,2:10-3:10
Odd(2025-26),16,42,26,22,lab,Thu,1:10-2:10
Odd(2025-26),17,41,32,7,lab,Thu,1:10-2:10
Odd(2025-26),8,42,9,15,lab,Thu,8:30-9:30
Odd(2025-26),3,42,35,22,lab,Tue,10:40-11:40
Odd(2025-26),15,41,32,7,lab,Tue,1:10-2:10
Odd(2025-26),18,37,36,22,lab,Tue,1:10-2:10
Odd(2025-26),1,43,33,23,lecture,Tue,3:10-4:10
Odd(2025-26),7,42,9,15,lab,Tue,8:30-9:30
Odd(2025-26),10,42,9,22,lab,Wed,8:30-9:30
Odd(2025-26),1,43,33,23,lecture,Wed,8:30-9:30
Odd(2025-26),,44,37,24,lecture,Wed,8:30-9:30
